first_name,last_name,username,password,passwordConfirm
Ferguson,Gainforth,ferguson_gainforth@test.com,password1234!,password1234!
Bil,Leijs,bil_leijs@test.com,password1234!,password1234!
Miof mela,Stanaway,miof mela_stanaway@test.com,password1234!,password1234!
Leisha,Ethridge,leisha_ethridge@test.com,password1234!,password1234!
Cassi,Ioannidis,cassi_ioannidis@test.com,password1234!,password1234!
Dewain,McAllen,dewain_mcallen@test.com,password1234!,password1234!
Roanna,Ketteringham,roanna_ketteringham@test.com,password1234!,password1234!
Ophelia,Mattei,ophelia_mattei@test.com,password1234!,password1234!
Creight,Connaughton,creight_connaughton@test.com,password1234!,password1234!
Benjamen,O'Lyhane,benjamen_o'lyhane@test.com,password1234!,password1234!
Daniella,Dobrovolny,daniella_dobrovolny@test.com,password1234!,password1234!
Darrick,Forryan,darrick_forryan@test.com,password1234!,password1234!
Cameron,Kluss,cameron_kluss@test.com,password1234!,password1234!
Fernanda,Parsonage,fernanda_parsonage@test.com,password1234!,password1234!
Edgar,Udell,edgar_udell@test.com,password1234!,password1234!
Felipe,Thomtson,felipe_thomtson@test.com,password1234!,password1234!
Jonathon,Snalham,jonathon_snalham@test.com,password1234!,password1234!
Say,Sidgwick,say_sidgwick@test.com,password1234!,password1234!
Michelle,Pepperell,michelle_pepperell@test.com,password1234!,password1234!
Marsh,Toffanini,marsh_toffanini@test.com,password1234!,password1234!
Jayne,Fuke,jayne_fuke@test.com,password1234!,password1234!
Rolf,Beauly,rolf_beauly@test.com,password1234!,password1234!
Bryce,Di Bartolomeo,bryce_di bartolomeo@test.com,password1234!,password1234!
Dulcinea,Campagne,dulcinea_campagne@test.com,password1234!,password1234!
Bobbie,Bircher,bobbie_bircher@test.com,password1234!,password1234!
Quill,Kernaghan,quill_kernaghan@test.com,password1234!,password1234!
Saxon,Doddrell,saxon_doddrell@test.com,password1234!,password1234!
Fredric,Franz-Schoninger,fredric_franz-schoninger@test.com,password1234!,password1234!
Celia,Tallyn,celia_tallyn@test.com,password1234!,password1234!
Dion,Codrington,dion_codrington@test.com,password1234!,password1234!
Fenelia,Fannon,fenelia_fannon@test.com,password1234!,password1234!
Branden,Jenny,branden_jenny@test.com,password1234!,password1234!
Joanne,Dalman,joanne_dalman@test.com,password1234!,password1234!
Stillmann,Gowanlock,stillmann_gowanlock@test.com,password1234!,password1234!
Krystalle,Mulliss,krystalle_mulliss@test.com,password1234!,password1234!
Thorvald,Scandred,thorvald_scandred@test.com,password1234!,password1234!
Forster,Mansuer,forster_mansuer@test.com,password1234!,password1234!
Tawnya,Keel,tawnya_keel@test.com,password1234!,password1234!
Sollie,Skirlin,sollie_skirlin@test.com,password1234!,password1234!
Rheta,Hutcheon,rheta_hutcheon@test.com,password1234!,password1234!
Erich,Liston,erich_liston@test.com,password1234!,password1234!
Zane,Speakman,zane_speakman@test.com,password1234!,password1234!
Vin,Renfield,vin_renfield@test.com,password1234!,password1234!
Lottie,Barczewski,lottie_barczewski@test.com,password1234!,password1234!
Curt,Riches,curt_riches@test.com,password1234!,password1234!
Lawton,Pawson,lawton_pawson@test.com,password1234!,password1234!
Darb,Duxfield,darb_duxfield@test.com,password1234!,password1234!
Lurline,Mowne,lurline_mowne@test.com,password1234!,password1234!
Raynard,Quoit,raynard_quoit@test.com,password1234!,password1234!
Virgil,Taynton,virgil_taynton@test.com,password1234!,password1234!
